company,signal_type,source,title,link,published,intent,score
Chubbies,News,Google News RSS,Chubbies Burgers is opening in Kakaʻako - Aloha State Daily,https://news.google.com/rss/articles/CBMihAFBVV95cUxQeEVVd21lY1J6eG1yYUsya2VBcTBmcHpMamJkYUswNDZEZFFxMVNuT3lvQ0RJUlhKRFBrVDVPeG5OSVdGZkktT3YybVVQNGtmNWVmblVfTzJTNzZzZS1kakZZQ3RDMmhXN1VVS0sybEo5NnB0ZHVfQmpvTkFLWFcwLWRoWG0?oc=5,"Fri, 31 Jul 2026 00:54:00 GMT",General,5
Chubbies,News,Google News RSS,"Yes, comfy swim trunks exist—this Chubbies pair is proof - USA Today",https://news.google.com/rss/articles/CBMisAFBVV95cUxOUjdqclV6UUZueW1BZlUzNnZjbVM2amlmTVFNQzZaZjVxZTVCNklKVFhNbG9aT0FSYlZGZE9rQ0ZfYzVIRENqQ0RQdkZRY2RsSjctc2IyQ2ZKQjVvMEZyc2stRU8tVWdKTXRDbFMyNmpTVlFRaHpSOF9LWXl1TWMyZDdzWXN6eXE0eUxLOGx5bTVub1VQY1J0dnpXRk16cVlJNk5tNzB1eDFxT0hDV1pRcw?oc=5,"Tue, 28 Jul 2026 19:51:00 GMT",General,5
Chubbies,News,Google News RSS,All-you-can-eat Wagyu BBQ restaurant set to open in Central Texas - mysanantonio.com,https://news.google.com/rss/articles/CBMihgFBVV95cUxOd0ZQRDlJV3hEdHBiVUhpVkZMLUJzTXNBYVZjRl9kUUNrVkRScE5RQzlWdHVMMzAzWG80NVpJVUtTb2JoZWlqMDVJVE9jZnFjU1ZlODJyRkxQNFhtX25IN0xXX0otVlRQd1gtZVVvUEVITTQ1aHJERXJ6NFNyVm1QMlZ5Qlc1dw?oc=5,"Fri, 31 Jul 2026 22:08:37 GMT",General,5
Chubbies,News,Google News RSS,"Yes, comfy swim trunks exist—this Chubbies pair is proof - AOL.com",https://news.google.com/rss/articles/CBMie0FVX3lxTE9ZUEFFSExFYkpMQVctVW5yS1FuSnJ3cFFuTk1ZUXZyaF9FUV8teE1iWFRkVEtTRnBzQS1EWTA5Y2ttRDJMWjZjVFVCX1BJUlJNaEpIQm9ZaWdnMGJwbFM0RjdYbVlWbGNiZ2Y1X2wxaXNGRGtsYWRJNXZjMA?oc=5,"Tue, 28 Jul 2026 11:34:31 GMT",General,5
Chubbies,News,Google News RSS,Immersive all-you-can-eat Wagyu chain plates up first Austin location - CultureMap Austin,https://news.google.com/rss/articles/CBMikgFBVV95cUxOaV83MDNaT1hnT2s4SmpjQnF6cFJYMmxFT2lZeDhmYVZRYVMxa1QwcWd2ckUwNTlEVmNpR09sdFZOMEYtYmNrRlFEZkxCYi1KT0syanJIdXlmZk8wZFBwdVVhVEM5QTk1UkZOcFR0WDlPX3hsRDd4TVlYdXpyU1R2a1JQZDItOGEzLUt0YUxzXzlrUQ?oc=5,"Mon, 27 Jul 2026 21:07:00 GMT",General,5
Chubbies,Hiring,Demo,Chubbies is actively hiring,,,hiring,20
Chubbies,Reddit,Demo,No Reddit discussion found for Chubbies,,,General,0
Rothy's,News,Google News RSS,The Rothy’s Fisherman Sandals Are My Summer Shoe MVP - New York Magazine,https://news.google.com/rss/articles/CBMifkFVX3lxTE91T3ZLLXJZU2tmU1dKNldzck0zdm9YNTVLWFdKaG9LTUk1WkhRQmdvbnhTYjh0Y3JiaU5fTFQ4NG5IV3l1Q1RkX3dmMEpRa185MTVHNHB6UG85QmRWdVo0ZHdfXy1mQXJzRjBIcDl0Yl9HZFNwSHgwWG4xdTl0QQ?oc=5,"Wed, 29 Jul 2026 20:18:06 GMT",General,5
Rothy's,News,Google News RSS,"The 15 best things we tried out in July from Adidas, Rothy’s, Away and more - NBC News",https://news.google.com/rss/articles/CBMifkFVX3lxTE9iSUJ0WnBGMmd2S2RTanQtU19RM21QU29HdHRQZkhMR3hzSjVnYTJVYWl4Ry1LMXZobmRBV29TV0RYc3FwVFZjOF9FSndmdldHQXNLeC15UVJibnU2Y1pVdkREU05tREUyVW1GcGJrR2RSa051bHVVcmdvZ185UQ?oc=5,"Fri, 31 Jul 2026 18:29:16 GMT",General,5
Rothy's,News,Google News RSS,Your Go-To Summer Shoe? Rothy's Timeless Fisherman Sandal - PureWow,https://news.google.com/rss/articles/CBMicEFVX3lxTE9kUU1lYWZpV0lyRXY0SWV6Nm1WMVZJbWJjUkx0eTEwRUxmWEkyMUp6X3ZhRVhEWktQMThLSFhZNWFCZFVLX0R5bkFxVnFZLUc4T1NucnpkNm11eElfUW9JMmZlaWtIQndzWWIwZ3FPSTY?oc=5,"Tue, 21 Jul 2026 07:00:00 GMT",General,5
Rothy's,News,Google News RSS,Curious About Rothy’s Comfy Flats? Here’s What We Recommend — And What We Don’t - The New York Times,https://news.google.com/rss/articles/CBMieEFVX3lxTE9wbHJyc2NjNHNZTW02ZzlxNy1URDNJb0ljbkVCWFlINzByTE5sWFM5X2h1OUhvTUhoa1QwNTdTZExBTVYwTEMyU1RJTXlKMXNPVDY4MXJ1YjV2a0ROeTNkR29wS3ZEdTgwdWw4T19DY19Mc2dkSDVnaQ?oc=5,"Fri, 27 Mar 2026 07:00:00 GMT",General,5
Rothy's,News,Google News RSS,"These Ballet Flats From a Celebrity-Worn Brand Are “So Comfy” All Day, Per a Reviewer With a “Bad” Knee Injury - instyle.com",https://news.google.com/rss/articles/CBMiggFBVV95cUxNWkVtQklpaVBYSDZiSHRfcm42bnZKcHJWdnhHV1FVd3luTVBUaUxZYjUtbUZwcGdJTWtueGJMZ0NLb3U0RndsSll1M1ZXSkRxanp0YXBPSFRkMFFmNGtLUUt2NGRocUU3NHlZMEN5WXBjZ1NvS0F3bW5TYXBxQ01rWTdB?oc=5,"Sun, 31 May 2026 07:00:00 GMT",General,5
Rothy's,Hiring,Demo,No hiring signal,,,General,0
Rothy's,Reddit,Demo,No Reddit discussion found for Rothy's,,,General,0
Brooklinen,News,Google News RSS,Which Brooklinen Sheets Work Best for Your Sleep Style? - The National Council on Aging (NCOA),https://news.google.com/rss/articles/CBMicEFVX3lxTE5sVTA4ZHc0UDFTYTBIaWpDZnNjTVgxRkxOUEpZMHlMU3RjUVBVczI0TUw4LUdSckVOQnNvUklncS01NDVkTWdKM002cXVEcmZOZ0tKMUxJenhJWHRhRU1EZTZTY09qaXg0VXV0c3h0LTU?oc=5,"Wed, 29 Jul 2026 04:00:00 GMT",General,5
Brooklinen,News,Google News RSS,Brooklinen Promo Codes: Take Up To 30% Off Bedding And Bath Bundles - Forbes,https://news.google.com/rss/articles/CBMijAFBVV95cUxPZHdxVkRldHJXWnhIb1d4NG9NSWFlOWJFcnJGVkZOZVBjMU9tSUM5V3ltdmRVX2JRWEp3UjRmM0RiMjUwSHFBVEc3RHhmVWRYUVVvMVZsSTl4ZS1WOUZRQV9Nc1JVT2tpTDhLSVZReTJnMmk2Qkl2ZUhvLW1pMlZ1dUR5bEg1VTlvc1RuaA?oc=5,"Tue, 28 Jul 2026 12:06:00 GMT",General,5
Brooklinen,News,Google News RSS,All the Brooklinen Products We’ve Tested and Loved - Architectural Digest,https://news.google.com/rss/articles/CBMigAFBVV95cUxON1J4T2hGS3NtX2dzQWZtbVV6bnRTbWdadHU2MHVoZkJuRXdnRVhuSmFydG5xc3JUZzYyTXpBYkdQUUFGWW5pRUhTXzhqbDFWRFc0RFphZ200U29lbFdFZmRHMVpqYTB6ZkZGckk0cGlSWnZmcW5ZSm1DOHNNNEM4cA?oc=5,"Tue, 02 Jun 2026 07:00:00 GMT",General,5
Brooklinen,News,Google News RSS,The Strategist Guide to Shopping at Brooklinen - New York Magazine,https://news.google.com/rss/articles/CBMif0FVX3lxTFBMWFVlRDBwR2F5Z0tpVEkzT2ZHOHlyWENEZWhDaHNiaTZaNW1iSl9KQ216Q0xkREZOUkxHVmdJTVI1VmRPSndld1JScGFxdFBNb1R6dV94SHlSMHZnZGwweGxwLXBCeFlBc2E1M1U0Ni1SYUJZVFVwanJZMlZIbzQ?oc=5,"Thu, 12 Mar 2026 07:00:00 GMT",General,5
Brooklinen,News,Google News RSS,Brooklinen Discount Codes and Deals for August 2026 - Condé Nast Traveler,https://news.google.com/rss/articles/CBMiaEFVX3lxTE1xc1ZzR2N5Q0pLVU91Q3NGaXhrTEV5NjZ2X2ZRQmVJQnFnUzROSEFhR3NBWlVhZjlDeTNfNVFqVk40UnNaXzB1ZkxidTl1LW95c3pZYy1TWThhRXFzOVFVMkJEWlMyeENl?oc=5,"Thu, 16 Jul 2026 07:00:00 GMT",General,5
Brooklinen,Hiring,Demo,No hiring signal,,,General,0
Brooklinen,Reddit,Demo,No Reddit discussion found for Brooklinen,,,General,0
Solo Stove,News,Google News RSS,Solo Stove Coupon Codes And Deals: Take Up To $260 Off Fire Pit Bundles - Forbes,https://news.google.com/rss/articles/CBMijgFBVV95cUxOVnhLYkRnSlNCX3Bma0tONnR1OTB3WW45WnhKa3lQVk44V2tKcjlTLTBlUVhaWU4zM1RMNVhsQzJtNWNMdV9zdFpac25TU1hTMWtOTHRGSThzTTFKUWdUYnk4SE91NEJsOGxiLTZHUlM3OElIaTlBQi1RNVgzaWJDanV5eGloclpPbHM4NDF3?oc=5,"Tue, 28 Jul 2026 21:44:00 GMT",General,5
Solo Stove,News,Google News RSS,Is the New Solo Stove 19.5” Summit Fire Pit Truly The Best One Yet? - Field Mag,https://news.google.com/rss/articles/CBMiekFVX3lxTE5la3hPbjZZN1AxZS1JcE55Z1c0aGNhdUhPb0dsMWtPOWFIeTdtNk1nVFhEeWVpRklITFVaVlV0QnE1bTktdlpzcUkzbU1yS3p6RTUzMk50Yi1FNzVJcWkxd1BaeFZjSGU4aGk3eHV4OHdpekdTaG9CVlVR?oc=5,"Wed, 06 May 2026 07:00:00 GMT",General,5
Solo Stove,News,Google News RSS,I Tried the Solo Stove Smokeless Firepit—Here's What I Thought - Good Housekeeping,https://news.google.com/rss/articles/CBMiiwFBVV95cUxOTVNSTkVmSnJ6c1FrQ2twWUdndWhLUWxXNTlzbzZBal9YVHJVWFpsYXhOZFQ4c1ZSSU5VckJCNm95VmZrUkI3NUJxYl9aOHd2TkVLXzRYUzN1dVJKMlVDTGtJakVtWExZeGJiV09vWWJsai10TVM1dDlrcGdxai1qQWlFR19ndm4tTWlJ?oc=5,"Tue, 07 Jul 2026 07:00:00 GMT",General,5
Solo Stove,News,Google News RSS,Solo Stove Bonfire Review: This Sleek Fire Pit Is Truly Smokeless - Taste of Home,https://news.google.com/rss/articles/CBMib0FVX3lxTE53YkgxaVhCVGlfaFFoQUp6ZEpiWW0wUE1IMU5Rd0RuVlFUMVgyMEdVem9mNmdxZWl5cjZoalpYS0FVaTg1WGNWM2hHb2w4RkpRazBzSlloeGM2V0ROdkNSdk9XVGxxaEV0WmVBVmtDYw?oc=5,"Fri, 27 Mar 2026 07:00:00 GMT",General,5
Solo Stove,News,Google News RSS,"I Tested the Internet-Famous Solo Stove Fire Pit, and Yes, You Can Use It All Year - Food & Wine",https://news.google.com/rss/articles/CBMidEFVX3lxTE9xTWdVRXNHaENfSHY0UV9VRzB3eXhHWUdJcy1vSS16YmdKb2N6cndkN0ZnYVgzUTBKOEpRSjRYZUpKRTc5ZXNMVlluREFtbVJfVzBmRklteXI4bV8tVy1sdXhfaGVaMFhNd0xyVklWTkdaZUtB?oc=5,"Thu, 11 Dec 2025 08:00:00 GMT",General,5
Solo Stove,Hiring,Demo,No hiring signal,,,General,0
Solo Stove,Reddit,Demo,No Reddit discussion found for Solo Stove,,,General,0
Vuori,News,Google News RSS,Vuori and Nike: Best Activewear Deals at Nordstrom’s Anniversary Sale - Yahoo,https://news.google.com/rss/articles/CBMinwFBVV95cUxNSDhxbEVFNkMzRkY5NXBNTnhSWE50WHR4SGNsbktjenlfV0RlVEpPTUtHaXpFVmZKdkE2b1g0MDhsQzZPc0UtZmYxV2tuazluamFjYXF4MFZxWjFNcHMxamluTWd6NTFnd2J0OHppTDg1ajlNMWQ5MXdqN2tnUXRiME52UzA1dFZoTXZlTWR2ektCelFyaTNZVWI3QnRobE0?oc=5,"Thu, 30 Jul 2026 18:32:11 GMT",General,5
Vuori,News,Google News RSS,"Everything you should buy from Vuori, the low-key MVP of activewear - British GQ",https://news.google.com/rss/articles/CBMiakFVX3lxTE5wX3FZengyUlFRNHVVTkd6MElablBFR1UtQ3ZtU2J0blFUazBLUWJUUDd5d2J0Wjl0Unl4REs0M1FKdXcwVVVGNUFEZkFyc2lpYUg3RHJwQzAxNUtMRXJheVNhUTRJVjNBN0E?oc=5,"Wed, 29 Jul 2026 15:21:04 GMT",General,5
Vuori,News,Google News RSS,"Everything You Should Buy From Vuori, the Low-Key MVP of Activewear - GQ",https://news.google.com/rss/articles/CBMiVkFVX3lxTE5pU3lmM0F4dHp5cS0tcGpia29nRVJsQlNwa0M4TU5wM1E4aDVTME9CMS10OC1PTEJmbkNXUXFRSm9RdDkxWDNWMGFTTEc3MDVFQzI1OTFB?oc=5,"Wed, 08 Jul 2026 07:00:00 GMT",General,5
Vuori,News,Google News RSS,Vuori and Nike: Best Activewear Deals at Nordstrom’s Anniversary Sale - New York Magazine,https://news.google.com/rss/articles/CBMilAFBVV95cUxNLUt6U3NCb3lHVFdPYVlvb3g0SlRuUzRzNmlFSVpzMDN0eHBJbUJYZS1nQjV0QmtfdGZLZXZKckgwb3NjeVBPU3FYUzJhMnFiRld2MUpkTXNIQjAyOGstVXUyZzlUYmFsaUl3eWxZcWNESmc1SHlhNnpEdWRQbW1ON0ZSUjRtc3BOLXFIdExlcFA2YTNk?oc=5,"Thu, 30 Jul 2026 18:32:11 GMT",General,5
Vuori,News,Google News RSS,"REI Just Dropped Hundreds of New Arrivals from Hoka, Brooks, Yeti and More—Here’s What We’re Buying - EatingWell",https://news.google.com/rss/articles/CBMickFVX3lxTE4tZjZkUHFkT1ZNN3dydXlBeVFTR0RnZjh2T1pJd3ZPbFA0Z2lFZWhjTEotbm1sWE5tdHJ3VHZDV203SlpJQXhsR19fbzU1UmxxM1hzVTlSWmtheEtnaEwxYW96T0JFdFlxYWFXWXJpVThGQQ?oc=5,"Sat, 01 Aug 2026 07:00:00 GMT",General,5
Vuori,Hiring,Demo,Vuori is actively hiring,,,hiring,20
Vuori,Reddit,Demo,No Reddit discussion found for Vuori,,,General,0
Outdoor Voices,News,Google News RSS,The New Outdoor Voices: Is It as Good as It Was in 2016? - self.com,https://news.google.com/rss/articles/CBMiakFVX3lxTFBoOGJwLUZwblYzb3lhdk9pTkNMWi1aWk02cFpHN21pNHE0UzEzNTFaNVZiVjQyRnZCQ2tPYUNLQ2JmNFZndUlnY0RpVUhzOWxDLXotUDJybGljeUZhNjZkZUpSbXJXVkdmX1E?oc=5,"Fri, 05 Dec 2025 08:00:00 GMT",General,5
Outdoor Voices,News,Google News RSS,"Outdoor Voices to Move Into China, Southeast Asia - WWD",https://news.google.com/rss/articles/CBMingFBVV95cUxQV1lES0lIU0NXVUYtaUNXYk83Q1E1cDk2Z1ZpZXZYOEU3YTNrUGU5SmxrMzdYZzlRbEplUVNXdnhrRjNVaGZvYW5TXzcyakpMYjRDNzVTa0ZCVk9NNkhRN0JVcXBadUtHejVFc3BuRUp2XzJNTWdLNmE5SnJuNndYQmpxakVCbW9EUGUydTZmUmJwSmYzY0VkSER1QWVwUQ?oc=5,"Thu, 18 Jun 2026 07:00:00 GMT",General,5
Outdoor Voices,News,Google News RSS,Outdoor Voices brings women’s words to the waterfront - thenewsherald.com,https://news.google.com/rss/articles/CBMimgFBVV95cUxOQWc1NTBxQkViQjhXZnZuZzJDYzRiN0ZseDBVVGFrOVlOQUNXaUxHMFZNTWtHMVFSbUxjS2VSUlFWWFAxalFHWXlaNDh1MXpweEdHS2xpTVRFVVJwOFMwd0xOY1BPb09BcUdmSkFMRDR5M3Z2dG1BLTJiNlJlTC1HaWV4U2trOGtKNExFOHRreUtPbzZhUGNUbFFB?oc=5,"Sun, 07 Jun 2026 07:00:00 GMT",General,5
Outdoor Voices,News,Google News RSS,The Entire Outdoor Voices Site Is 30 Percent Off (or More) - Yahoo,https://news.google.com/rss/articles/CBMinwFBVV95cUxQOFNfcFBuNWpJUkFzdmhZZHVpajgyOWxyazVyeURPeVkzUjlDSUhHMDR5ZU91WHhkWjZXMlFwYmF4TnNpeFNxNmhvRTJKWmsxcnJTbEZRWEJyYnpSYXZwWU1HWHBtUHo0QmVuOEh6UTF5UmdFNThnWmwzVS1fdUZhS2N3V0E0SVYwWE5lYWdJX3lWQ2cyYldXa051WEc2VW8?oc=5,"Thu, 23 Jul 2026 07:00:00 GMT",General,5
Outdoor Voices,News,Google News RSS,My Fitness Secret :: Indoor to Outdoor Voices - Color & Chic,https://news.google.com/rss/articles/CBMid0FVX3lxTE9sMU4zQWFaaU1tWFkzdktqdGVQNzF3am4yOHBWSjBsd3FFUk1rQy1Ra1JhYXl3ODM4eDY4RkNNX2ZyZ0tJdTVMWW9YbjMtMjJJbWdUWGd1VWY4d3FRTjRBM1pJZjJkVFpJUV9EMm5kbWg0czFXUVZn?oc=5,"Fri, 17 Apr 2026 07:00:00 GMT",General,5
Outdoor Voices,Hiring,Demo,No hiring signal,,,General,0
Outdoor Voices,Reddit,Demo,No Reddit discussion found for Outdoor Voices,,,General,0
Blueland,News,Google News RSS,TIME100 Most Influential Companies 2026: Blueland - Time Magazine,https://news.google.com/rss/articles/CBMigwFBVV95cUxPVkJHdVFBcDIwc2NuZ1hSVjdyUkNfTjhpYkRjSERrNzJOM0o5dDhiZFljcWhiSlptdU9JMXZSNVFYTzdHQmpuZHdLMW5jU21mZUpWcmFZUFFIUE9qY0Q3UFV2MFpQbThUTTI5TXJNX3ZUTWgxME9MRUpJV0RCV2RWNHJnMA?oc=5,"Thu, 30 Apr 2026 07:00:00 GMT",General,5
Blueland,News,Google News RSS,"I Found a New Way to Clean My Toilet, and Now It’s Actually Fun (Yes, Really!) - Apartment Therapy",https://news.google.com/rss/articles/CBMigwFBVV95cUxPRFNmYzJWNHM3YU5Ma3lEa08yN3Z3ZHRNV1FkOVNJdWNwVDlEVmZUZ09RZVlRUjgtOXRrdnVEdHlGNjFjZGtrSk8yMmRYeXBDWmg2UlhGMXhHeGJyTlJBMkV3VzJHUmROZE9MbTk3WktIdXhNdDdBVjBDcWxVZnJ0Tmc4VQ?oc=5,"Thu, 04 Dec 2025 08:00:00 GMT",General,5
Blueland,News,Google News RSS,Exclusive | Does Blueland actually disinfect?My honest take on its cleaning products - New York Post,https://news.google.com/rss/articles/CBMimAFBVV95cUxNYXFTaGZ0RkNGWUdxVVRvNmVKeG9RUnRVb0hnSkNaMkdQU28yc1hISGNVQ1Q1eG5XNDRBcUNDZWk2eVdaLXBmTEtQbVVqZVNLX0tRbWJSN2RQUkVZb1FkQUZxaVVCUGtSa1FhSVdVV05YZk13eEdXTUxmZ2tSZzRMMklfa3VfQWNFOW44cV9yQ0V1bVAzZ012bg?oc=5,"Tue, 24 Feb 2026 08:00:00 GMT",General,5
Blueland,News,Google News RSS,"Yes, There Is a Best Dishwasher Detergent (And We Found a New Favorite) - The New York Times",https://news.google.com/rss/articles/CBMiekFVX3lxTE9jbDFXeGZPYnQ5QXFfSmdLUjZCdjA5U05Ebi1KWkZsMVhNYk5ZRG9oYmpqSXZPdUIzR3ZwWkNCNUtIZGhjc0RJaUhEdzlNUDlCTnJUNUZsOFhvR2RZZkRvTDdzZ25MbS1kdjdScE9MZHNudWdwSjlmTVlR?oc=5,"Tue, 28 Jul 2026 04:00:31 GMT",General,5
Blueland,News,Google News RSS,This eco-friendly cleaning brand has grown since its ‘Shark Tank’ appearance - Chicago Tribune,https://news.google.com/rss/articles/CBMiuAFBVV95cUxOaU9hUUhFX1BKa2dVSC0tNjFiZ2N3VERJMEM2N0ZnZUFxVkJYZE56THlNWFY3MU9HaWtma1RZdkhTd19RdWNxVkZFMkdoYXhINlJPOWYydzlFdmpEVS0zb0tJY0RhdVUzeGhPdDJXUmFLS1lQenZETmRSMGV2NXpOQWt0VmlPSHBmT0dxeGJxaDVpUmEzREFqc2hJX2t1WmM1b0tna1dpZktZc1h1SEdCTDNsMWhlVWRO?oc=5,"Thu, 07 May 2026 07:00:00 GMT",General,5
Blueland,Hiring,Demo,No hiring signal,,,General,0
Blueland,Reddit,Demo,No Reddit discussion found for Blueland,,,General,0
True Classic,News,Google News RSS,Joan Leslie: Classic Hollywood star who was true to herself - aleteia.org,https://news.google.com/rss/articles/CBMilAFBVV95cUxNZm12ZVRBSU5HeEVMdFRhdHM3Q0FXWGpSYUNmYjVkNG5rRTB6MG1IeFJ6aThGOGdrWndvRHdXQ3JRSGp5LVVTWEFrSFVNNWZHM19rY2hLNzJuOWQ4OFNDLThIbnltTHhHLTN2SU94YVhuZjlMUkVzNF9pcnVTN3Nqb2ctb1NsREE2WXdsblZzQVduR0ZF?oc=5,"Thu, 30 Jul 2026 10:19:48 GMT",General,5
True Classic,News,Google News RSS,Best True Classic Discount Codes We've Tested in July 2026 - Business Insider,https://news.google.com/rss/articles/CBMijgFBVV95cUxQM2VrU2REeGk0ckg5WFExR3V2UkNERjNqWE0tRXlDUDRyNFBkWk5ILURma2hFcUNjTkxWYkEzZlZYd185c05qOS00UDNxLXpSTFNiRWhyQnVNanAxOTBqTU9sTzRRV1BTQUVwOF9DUFJWOVNfa2g2ajZXTUIxdkNfbFBKWndMd2xBci1QR0tR?oc=5,"Tue, 07 Jul 2026 07:00:00 GMT",General,5
True Classic,News,Google News RSS,How True Classic takes a proactive approach to the last mile - Customer Experience Dive,https://news.google.com/rss/articles/CBMimAFBVV95cUxNWE54U2hBN09mdEhhY3F3cHJhRVJndTN1VEJZVVBrZTIzVGlTUTZQNFBCUkJ5aU5FVVlXbWE1b1BkaGV3MmJMWmh0ZnB4T1NPTjZYTkVhOE05SVd5dElHOVBRSlMxcVNMeHRoeHpWbEtwMmxQaDB1dXQzdGE3alFkUlVFZ3VmdTFzTG90RXkySHdlb1BDZXlrUA?oc=5,"Tue, 13 Jan 2026 08:00:00 GMT",General,5
True Classic,News,Google News RSS,True Classic basics up to 33% off in Amazon Big Spring Sale - 9to5toys.com,https://news.google.com/rss/articles/CBMilgFBVV95cUxQWkFWdTBBMFkyTUNKMEpIRW83YWxqSTkzTmNITmZLMjhndkx0ZENNb3lJNlVoOVFKNWhrbG1WcjVnb2FMcWxZRjYxUFAtQVJNUHI2TzVIQl9qczN4bS1kbWxST1hDN0pXRDhrZVZINkY0ajUycUI3T0RqdmhaazNhVTJMQ1FWbGNVTVBDZmVObGIweEZpSXc?oc=5,"Thu, 26 Mar 2026 07:00:00 GMT",General,5
True Classic,News,Google News RSS,The Best T-Shirt for Dad-Bods Is a Great Deal Right Now - WIRED,https://news.google.com/rss/articles/CBMifEFVX3lxTE9CY0dRX05qWmxQLWhoYldMMGtrakY2eGl4bU5HWml5NFN4Y3V5NWdaZmZoZjJGZU5QcExVM3RIVXpTT04wMGdhVEYybWRObFFNLXJaeGFTOFVBbWJoY3k1bUQxWlNRS0FaMkxKYlZEaUJOM0hwQklVbVRmZ1Q?oc=5,"Wed, 10 Dec 2025 08:00:00 GMT",General,5
True Classic,Hiring,Demo,True Classic is actively hiring,,,hiring,20
True Classic,Reddit,Demo,No Reddit discussion found for True Classic,,,General,0
Feastables,News,Google News RSS,Internal MrBeast docs reveal a growth slowdown at his Feastables chocolate brand - Business Insider,https://news.google.com/rss/articles/CBMitgFBVV95cUxQSi16UlFnQnAzaE5QdXB5Sm9zeUcxWnNETVJ3VXhhTnZWRmN1XzBLWTA2RlIxVTNMTmxBckZBeDBmNEpNS083clh6NVQwLVRidHNNQ3VFMU9tNVBlZ19oSmJiV2NlbjJNMGZTREg2LWpiUzE4c0NFLUFTRXhiUXJTaXBtXzR3SGxBX3hEbXpybGgwb2l2bnNLR0NaaHRSdFZhUHh4MzkxWUJBc3l0NE9ocGFmX0xDdw?oc=5,"Fri, 10 Jul 2026 07:00:00 GMT",expansion,15
Feastables,News,Google News RSS,Liquid Death and Feastables Are Really Making Peanut Butter Cup Water - Sporked,https://news.google.com/rss/articles/CBMif0FVX3lxTE9BR0pBVUpxeGFIVkRZcVRsR2VkSUN4X2tKeUlrMUJYSmJIOE9mSnhkNlBYVU5sd1BoZ3VjRVNhdVMtazc3RVFCcnVZUTJ1dTMzb0txb1NsUkt3Z0xKSkp0UVFtQnd0b2hyN21yLTFtRDEydGFNUm82cklSSzVvaWs?oc=5,"Fri, 10 Apr 2026 07:00:00 GMT",General,5
Feastables,News,Google News RSS,"Feastables, Free Entries, and Fuzzy Disclosures: CARU Reviews MrBeast (via Passle) - Frankfurt Kurnit Klein & Selz",https://news.google.com/rss/articles/CBMisAFBVV95cUxNN2tMSHVHVVBVTVNiRmRhU0pNTjJYbWwwcjBZRWZtVjliaDh2bktTWGV6U3gxMEhjejMzQVRhRVg0QnBWUm1VYldjT05rNjh3RXdSOU1WUGRwSlFpWWV4c2pTYXNsWnJJQ1ZLckxYejVTMHFhTjN4ZFd4TTdiLVpkell0Q2VIS3FHeVNoekdUU2FjVTdVMkhkSnBrc1RBSDFSS1RfM3JDUTVOODZGVWJzNQ?oc=5,"Mon, 23 Mar 2026 07:00:00 GMT",General,5
Feastables,News,Google News RSS,I did a blind taste test of a $3 chocolate bar and a $500 chocolate bar to see if I could tell the difference - Yahoo Creators,https://news.google.com/rss/articles/CBMi-AFBVV95cUxNb3JsZFVybXROMGkzT09WWkVNWFZ0V0ZCUlNTVkUzZlA3M2QzLTJ4TFNHZTRTZ1NpVnB0a2t4WDVsNEFuS3BLUFZiNHMzRXZqejV1RFVxMHVCTEZpcklsbDV4QV8wT3FTQ29OWi1VQ0dRNDhvMjR1WWhXb1NoU1UtMUw4el9vVlNza2RYS0tYLUJ3bk5jWTd1anZnWVZ1VzBWRVFLX0VZSWNfVEVuSThfdG4yZ1FQUWItckxXUWFxQkZDU0tHVWFuMTZ2VUE2R1pjM2htXy1qZXRzQ2RCRktZdUFjY3V2QjZ3MHFmZkcyeE9TWU11OEZiLQ?oc=5,"Wed, 25 Mar 2026 07:00:00 GMT",General,5
Feastables,News,Google News RSS,Billionaire YouTuber MrBeast embroiled in bitter feud over his chocolate bar brand - Page Six,https://news.google.com/rss/articles/CBMizgFBVV95cUxQakk0d0xLbzRHa1NlV0xhOFhrR0FTVlROUDE0NFpPaC1ob1JUSDhVakUwbGhpREVISjNzb3VxTTdXY080U1hzVEVGMVhESFFrWjVaUjBLME9WRE5hdGJjQmw4dGRjM0s1YkVXQUNNdmFfXzB4VEZLY1RraWEyMW1IVmlZbjExMjRiLWZrQ00telVLeTJBVUxTS244aktFZzZoajlaRGlVaXFqeHJqLU5WN25xZWVsb0JtaENkMW02TkNYSzI3bTM5UEhGRDl3QQ?oc=5,"Fri, 26 Jun 2026 07:00:00 GMT",General,5
Feastables,Hiring,Demo,No hiring signal,,,General,0
Feastables,Reddit,Demo,No Reddit discussion found for Feastables,,,General,0
Kosas,News,Google News RSS,"Meet The Multistick That Replaced My Lipstick, Blush, & Eyeshadow This Spring - Refinery29",https://news.google.com/rss/articles/CBMijgFBVV95cUxOQlhISjBibEpEbzlZSUhHOVVfOGdTSlNIaFZkcTlELTVuMGZrcXAxZ2RVOUJGcnZHemlCYUNnaFQ2NERMUVVTTkFxdDZLUGQ0anVZNEJQUzFLOGJrMkg2dlUwdWdPV3BfSXI3UVpMSFp1SFM2TWt1ZkpsQzNpek9jNTNUMFhpME1IejZJVHFn?oc=5,"Fri, 22 May 2026 07:00:00 GMT",General,5
Kosas,News,Google News RSS,My Honest Review of the Kosas Soulgazer Eyeliner - thestyleshaker.com,https://news.google.com/rss/articles/CBMigAFBVV95cUxQUmZqSHNhTGRSbERiTHk1MUhRcVlndHBtN0hfZ3oxMUxwZ1J1VDI2dnpjcTE1QXVfV0FVS29ueUpWNlh3WFBZa044X1JXT3pxX05GZ2dmczR2aklzdU5FRXNUSklfT0ZRcEp3MVFDY0FZYkVpbURFeF9DU2lCVUdIeA?oc=5,"Mon, 09 Feb 2026 08:00:00 GMT",General,5
Kosas,News,Google News RSS,Rob Rausch Fronts Yet Another Beauty Campaign - Hypebae,https://news.google.com/rss/articles/CBMib0FVX3lxTFA4X2lMd0UtWThETU9MbVNuZWhlZlBMa3BYUlJIUXVzUFVZSlREQmppb0gzRENwekZNdDBUa1dTNkdkR2kyUXNpRjJCQk43QzZZYWkwdnhteTh4dnZrcnZ0aEdqaVVhWjR1cGRINjFrOA?oc=5,"Tue, 07 Apr 2026 07:00:00 GMT",General,5
Kosas,News,Google News RSS,Petra Collins Steps in Front of the Camera for Kosas’ Dreamy New Blush Campaign - byrdie.com,https://news.google.com/rss/articles/CBMifEFVX3lxTE1tSnpvR1lTTkZsOGtjYXJTalBtUlZFYkZYTE5UU1YyYmRKWkJZY3liazlkTlZSTE5OaTRQM3ZMMTdza3VDQlRRbHR5Wk1ZbzE1Z0dfVnQySHI0QzdrTUVjSXJUZzdrNnYzX2gxdWZaUnNuQV9CTmFyMThLUWk?oc=5,"Mon, 15 Jun 2026 07:00:00 GMT",General,5
Kosas,News,Google News RSS,"Weekly Drop Watch: Hailey Bieber x Gap, Repetto x Birkenstock, Kosas and More - fashionista.com",https://news.google.com/rss/articles/CBMigwFBVV95cUxPMFJ0enJXUm5adEU5WUwtTU9pNmFEQTZrellja2Fid003VVRxdHdTZXJUT3dhY09wVnhiUXFiWE8ySzJnOWhVWHdpM3pOc0dlNTRuTzRfNUZCM0RoUWozWU5wY0llc290d2stZnhfLWdZUHBfOEdUc3lFaXVndG1idGM3Zw?oc=5,"Fri, 17 Jul 2026 07:00:00 GMT",General,5
Kosas,Hiring,Demo,No hiring signal,,,General,0
Kosas,Reddit,Demo,No Reddit discussion found for Kosas,,,General,0
Olipop,News,Google News RSS,This Soda Is Giving Costco Shoppers An Early Taste Of Fall - Mashed,https://news.google.com/rss/articles/CBMiakFVX3lxTE1mOF9Xa0xzNzZSOHRXVk9UYTBhTkVzWVNlVW1QaVNpcWNyQTZ3U0JtN0hpTkFaQXc5OWJ5NnE1TDJTSnFpcTdkaHU2MUZPNVB1ckc4d2J4OE45amtVTjdIN0FiaFlOd3VlSGc?oc=5,"Sat, 01 Aug 2026 11:03:00 GMT",General,5
Olipop,News,Google News RSS,I tried all the flavors of Olipop prebiotic soda I could find and ranked them from worst to best - Business Insider,https://news.google.com/rss/articles/CBMijwFBVV95cUxQblh5V3hucmx3ZVkwTkttTXFNU2gzQTFsamg0UExBeXl5NTB0Qkpfd2J3U0diaW43NkU3VUNYdjhUd20yWFA0anE4ckc2T25acmxTVV84S01TUU82VEFsbnIyY1JyODBsSWNIQkF6R2JNUmxvN2F3RTRpUEI5OXg5dW1qVGk0dEFMTzA5cGVfaw?oc=5,"Fri, 26 Jun 2026 07:00:00 GMT",General,5
Olipop,News,Google News RSS,I Tried the New Olipop Raspberry Sherbet and It’s Summery Fun - Sporked,https://news.google.com/rss/articles/CBMickFVX3lxTE0yWUZoZ2tMZ09VR3k3V2paTTU0VjFhOVhqbnpZTjJvZXFpX0g1X3drbnNJa3FqbXBNbzcxaGpxTi1CSmV2cFNudEM4am9MSHY5U1ItZl80aWpQYjV6LXBuZ1lkajlaZmMwcHB2dUR5TkM3UQ?oc=5,"Sat, 09 May 2026 07:00:00 GMT",General,5
Olipop,News,Google News RSS,C-Suite to Main Street: A Masterclass in Scaling With Authenticity with Olipop Founder - U.S. Chamber of Commerce,https://news.google.com/rss/articles/CBMirwFBVV95cUxPc1BfWXRGMm1TaUtKYU93SUlRSC14RU1ReXd5cnhOQ2lRZ0dONHc3LWlHN3Q4MXRIdG1lY1A4N2JNQThOcmdzQUpSV21uOWNCVDA3RXFUUE9UakhSU1ptcHczRVY5MWI3eDVJdm5FbkxYbnVhaDhHcmRkb0NwcHh2VUFSX1VPTVo1YktNaFlUcnRXaVNYRUJpLWdCLTVjUGlrQ09FMmtFWHFGbzVvdF93?oc=5,"Thu, 11 Jun 2026 07:00:00 GMT",General,5
Olipop,News,Google News RSS,Olipop’s New Flavor Tastes Like My Favorite Retro Dessert in a Can - AOL.com,https://news.google.com/rss/articles/CBMihgFBVV95cUxQMkJNMnN0cTNBcmRkQUVQRFdFdmxPel9PVXZReC0xM1hwaE5UUDFtSnBMdThtcV94aDFyd1UzTFdtUmZoYTh5UmRwS2d6aFpBYS1LUzk0ZE1ldGlZbW1iakp2Q0l6NG9lcGtIT19CVGFZa0hZYnVGbS15SFFiMDNzVk0tcmlsdw?oc=5,"Wed, 08 Jul 2026 09:25:59 GMT",General,5
Olipop,Hiring,Demo,No hiring signal,,,General,0
Olipop,Reddit,Demo,No Reddit discussion found for Olipop,,,General,0
Magic Spoon,News,Google News RSS,This Protein Oatmeal Is the Hunger-Fighting Breakfast Hero I Needed - Taste of Home,https://news.google.com/rss/articles/CBMickFVX3lxTFB4enp0bmYyeVVRcjdRYW9BRWJ1WXlRVHNNTVZmalV4LUZoQXpIT2pPNXc4S2hNRnFGOFRnbElpVWt6clZjY09sRFhlU0c1UnV4Z3NDcDlmbzhzdF9WZl9nSm1Ld3ZzYnp4cWMzMmlFeWx5Zw?oc=5,"Fri, 31 Jul 2026 18:36:53 GMT",General,5
Magic Spoon,News,Google News RSS,"8 Magic Spoon Protein Cereals, Ranked - Tasting Table",https://news.google.com/rss/articles/CBMie0FVX3lxTE9Nb2JkSThVUVlzel9xcW95bmVRSlFTX24zYmJCTDJ3eU5OdzBTVGtwXzJyT0RJZDhUZG1xc1RsSUx4dzlQdTVqWG0zZmpjLXZYaHhqLXRGUVJCVk9RNFN0SGJDUGMtbUs1NUd5bmszUVpjRXRfbzlTRlZfTQ?oc=5,"Thu, 21 May 2026 07:00:00 GMT",General,5
Magic Spoon,News,Google News RSS,"Magic Spoon Is Proteinmaxxing Oatmeal, And We Trust Them With The Task - Sporked",https://news.google.com/rss/articles/CBMinwFBVV95cUxONTA0czZMZndMMDRoUmdIWGtRM1MxeFVBV3pqcG5CdmZkdWR2cElQRjA3Q25QMUdZLVBnOE8xRjN2WVlpUFRXTFdNWm04eUFqOFRsZTJTM29RRGp6TlVyZkxCN2lsNHdpOUtTTmYzQlk5MlRJNkFDTzVRS2M3a2ZkcWJVbHMtUDRZOTFSVEJsUjQ2aWdfVHpwWG10SDNEemc?oc=5,"Fri, 12 Jun 2026 07:00:00 GMT",General,5
Magic Spoon,News,Google News RSS,Review: Magic Spoon Tackles The Toaster Pastry - Nosh.com,https://news.google.com/rss/articles/CBMigwFBVV95cUxNUXJrMTBVOERoWmdzOV9sbWc0NGcwcTJyQlNHMDRMMXdVckdvTTVwYUM3Yl9QTnZHYl9WVmZWWHRrUnhYM05QWW82YUo1S0FPZHBfeHI5RnF0SWNQazhoTGRaT3V2RGZJOEtaN1I2bHEzVFNEOV9GMmg5NjlPLURqV1hxOA?oc=5,"Thu, 16 Jul 2026 07:00:00 GMT",General,5
Magic Spoon,News,Google News RSS,Leftovers: Svedka dips into vodka water | Magic Spoon expands with oatmeal - fooddive.com,https://news.google.com/rss/articles/CBMimgFBVV95cUxPUHJ0em4zSkl1WWk3VFlqckVPUlV1RHR4eS1zQTNab2s0eGdxZVlla2otVHlKY3VrLWt1YjgtbnNCTmx1YndWd013YTBkcGowWTExMXdneXc2ME9XRlhNV2pxVm05RThNQUFIdGZHU2NrUUUxZVhOLUdWUkRUamtmcnhQWEJqWFhqWnRxUXItOEVYanVJcWMtSmFB?oc=5,"Fri, 12 Jun 2026 07:00:00 GMT",expansion,15
Magic Spoon,Hiring,Demo,No hiring signal,,,General,0
Magic Spoon,Reddit,Demo,No Reddit discussion found for Magic Spoon,,,General,0
Liquid Death,News,Google News RSS,The Op Games Unleashes Flip 7™: Liquid Death - Yahoo Finance,https://news.google.com/rss/articles/CBMimAFBVV95cUxPMl9RTjNPX1pZM0NhSHJBalJ2S1gzV2pCNGI4VWJLQndUTnJtMVh2amFtOTgtbjYwOFV5WkJPd21aYjRDWmdvaVk1NlFlbFA0VzZLbEdQZjJMMDVfeWtzT09KRGtJSVhRZFI4Z1RDaDRfR016bHRVdGJiWXhhUGlPdFcwd2JlQXpPUUMxaFVWX0tjN1Fucy15YQ?oc=5,"Tue, 28 Jul 2026 12:08:00 GMT",General,5
Liquid Death,News,Google News RSS,Liquid Death’s Peanut Butter Cup Flavor Is Finally Here (And Not Everyone’s Happy) - Sporked,https://news.google.com/rss/articles/CBMickFVX3lxTE1lQlhiR19Hd01RVEdLY2N5d05xc0RNcW5abHdRaWlYdEJycld0Y1hRQ19HdDI5cndWWWJJUElqOHlvc2dtR0MtUXlzTVJ0UmtYYVVjdUx3V1Y4NUlxUFNfMUpUOXRscFZSQWFpeVVvZ1htUQ?oc=5,"Tue, 07 Jul 2026 07:00:00 GMT",General,5
Liquid Death,News,Google News RSS,Liquid Death’s killer marketing creative - Think with Google - Google Business Profile,https://news.google.com/rss/articles/CBMikwFBVV95cUxQQVhNOWhMemVtSnVEZTBrNFBFSnBXVXl2UWs1RFpiLWFsOTVQLS1XcW9YTUpqR1RjcjJpYm1RZmhBUGZuZHIzZkdFZTY1Y0Z5bXRYWjYzekZVVU9IT0FJTGFMVGdGVmM3STFkTndySFdUdmRxVUcyOWJXZlJjN3J0NDQ4RVdINElqbndkSmVUbnpwZ0E?oc=5,"Sun, 26 Jul 2026 03:18:27 GMT",General,5
Liquid Death,News,Google News RSS,Flip 7: Liquid Death Edition Card Game Has Been Released - Bleeding Cool News,https://news.google.com/rss/articles/CBMikAFBVV95cUxOSkQ0VmJQbGUyNEttc1FhUHkzbFJEcUVBVkszbGU1M0Y1YXBKVE91bWlYbnZnOXVjQjdMQ0JhUmpEUHJld1dZTGN4UDZxRkFIS0xSRzJZbU9DWld0MGxQbmZwZjRFc1l6RFNKblpSVGxTZE5qdXZ4U0hERGs0Q2F0SUVMWUN0LVZLYkc1aHZ4TFo?oc=5,"Tue, 28 Jul 2026 20:44:09 GMT",General,5
Liquid Death,News,Google News RSS,"Naked Workers, Jail Time: Inside Liquid Death's Hilarious Iced Tea Campaign 06/19/2026 - MediaPost",https://news.google.com/rss/articles/CBMiqgFBVV95cUxNTWl5MC1fVjBXRmNzZXlhcVhzbXRSNFBOdlM2ZGVUa0U3MUJyNlg4alhQcWZPaVNxMkc1Rmo5bWVDSHRYS2p6b1ViWnBmQUo3cjZmQVJsd3JUUGl6YTJ4Zm1zdGRHRWF4UnhkSEdILXdjaDNoc0Y3Y0ZILVg0MnViR185UGpVM180YzNSVHJULWJCb2V5aThWWF9Eb1VYSVR3cC1say1oRkV3dw?oc=5,"Thu, 16 Jul 2026 18:44:21 GMT",General,5
Liquid Death,Hiring,Demo,No hiring signal,,,General,0
Liquid Death,Reddit,Demo,No Reddit discussion found for Liquid Death,,,General,0
Poppi,News,Google News RSS,Brand Lessons From Poppi Co-Founder Allison Ellsworth 03/13/2026 - MediaPost,https://news.google.com/rss/articles/CBMirgFBVV95cUxOVjZVbzQ2M1ZKLXlRQWZVR2FyZm9jZ3NRZEE1dTQzbnVOUmJTTzU1Qy1RbGlheVJIT3h2NGVtZ2RuLVpyWkNFdFl4VFBJQjA2alNvUG1BNjk1Mlg5QUhBNEhqQUhJRzRIeUNxak5LNkUzaWZIWVZjRXhTNklra2VaLWktZlNHOGk5RFVWZnkzQm5vNnNpXzNkUUhiaXZFOTRndGFWcnVPeXIxMGVURGc?oc=5,"Fri, 31 Jul 2026 13:25:23 GMT",General,5
Poppi,News,Google News RSS,Is Poppi Slowing Down? Analysts Suggest Outlook Looking ‘Less Optimistic’ - BevNET.com,https://news.google.com/rss/articles/CBMipwFBVV95cUxQbUZXLXFVRzB3RjBQSkZZaWdrWUpJTUtBaGpMMG5YUVV2aGdrLXBxeDVoek1wQXo1UHNDWHdxSWxKaTBoMmRZX2pJRUFSblJKLWltOUNLX0dKb29KU2xKVGhVMTRKOGNiQXotVG9pNk54aFA4ODJCaVhQbzhUMWVEY3haZnU2NlJNUzllRzd6bEgxQnRLYkUtT3RVN0NkT3JBQjBPWC12MA?oc=5,"Tue, 28 Jul 2026 15:39:45 GMT",General,5
Poppi,News,Google News RSS,Poppi Review: The Better-for-You Soda That Actually Tastes Like the Real Thing - Yahoo Creators,https://news.google.com/rss/articles/CBMi0AFBVV95cUxPUHhudlJvVy12YzduMFBzbm4xcmJYam42aF9zbHVfZDlDVXdXbUJMeUlvb25hUUQtS2FZdUVRU0lxMWR6ckVmYUcybHlSeEhWQjdDcjVUZDE0NllxbVAtSHd3UEg2c3RUcFV2dDRvY3ZreTZRc1FIQnNZVkg4TWY5YTZrT1ZKd0hybC0zUS0xUllVYm4yMGpXenpYaVZTd0JiMUxaN1BoXzBGNzcydWdSdzBjd3NMSERuTk55bkd3cXd1WDhnTHV2ZHI2VklneGU4?oc=5,"Mon, 27 Jul 2026 16:00:00 GMT",General,5
Poppi,News,Google News RSS,Poppi ‘punches’ in with Love Island USA - Brand Innovators,https://news.google.com/rss/articles/CBMidkFVX3lxTE5XX09XUTI4bWQxQndheVpTS0hTUUhEWDhoQ1E3VDJuTTZXWEFyNFZxR1RxaVVqYTJUQTZPQ3NnYW53UTAtV1lkY1lSX2k5SWh3S3ZxWTJ1cHltUDVPc2dkN00wbEdqSzhlSGtkaHBTZmdvalpHd2c?oc=5,"Wed, 10 Jun 2026 07:00:00 GMT",General,5
Poppi,News,Google News RSS,Poppi’s co-founders — who sold their soda company for $1.95B — say this is their biggest financial mistake - MarketWatch,https://news.google.com/rss/articles/CBMi2wFBVV95cUxNRGc5TGYwR2lfSWZTeWVZY1ByS0pLRW1TUVdPMVV1bGpUUmFMOVk0NUttMGNFaWVxd0pRdWdtc2huLTY4YXBxVl94a0pOcXRxOGdFSWl2eko4N1F2cG13alhKSHNsd1QtcFJpdXpzdHJkNWxnWEhFeDlvWXh2ekV3cC1FSVBPNmhDOUtGUzk4RzhUY0J6NG5IQjNrcU5EdVNfaEIyUURQUEJ0bjZNUGFCdWQwSGVTcVk3bkhxMWRPR0MwT3ZBaWhlekpKNmotZEI5aXNXbkp1cjNIb3c?oc=5,"Sat, 27 Jun 2026 07:00:00 GMT",General,5
Poppi,Hiring,Demo,No hiring signal,,,General,0
Poppi,Reddit,Demo,No Reddit discussion found for Poppi,,,General,0
Graza,News,Google News RSS,"Crayon Soda, The Graza of Peanut Butter, and Restaurant Openings Proving Veganism’s Not Dead: This Week’s Food News - VegNews.com",https://news.google.com/rss/articles/CBMiiwFBVV95cUxPVmpvcW43SXQtU29KLW12Vkt3ZFRtOW5JMTNTZWJtNU1rVW1XT3pQRE8xNnhoRDFyM0lua0VHT1AzZngxUWZBUTQxMDdXWkZ3SFRsV1FpODNjUXh5RW9zUWdtZVFFMVBQY3d3X0hheDdPNWpVTXpqZGFwNFJTMDR1cjY1VXIzcHpRTGpR?oc=5,"Sat, 01 Aug 2026 07:54:46 GMT",General,5
Graza,News,Google News RSS,I Didn't Have Graza Dominating The Potato Chip Game On My Bingo Card And Yet Here We Are - Tasting Table,https://news.google.com/rss/articles/CBMifkFVX3lxTE5WZ0EwbGgwLUVpNm1nczJXa01PRXV3YldsQUpCUmFjWnJGblEtMEY0STFrenNlTGpGSllJajh2WTNva05OVklBdGNYM2Z6RTBhdmdGc2JCQnVYa3NwQ09NbEZBX3FRLUI0VzhtZWlCd0ZXMFI2MGp6ZHBhTEh4Zw?oc=5,"Wed, 13 May 2026 07:00:00 GMT",General,5
Graza,News,Google News RSS,"I'm a Lifelong Mayo Hater, But Graza’s New Garlic Aioli Converted Me - Bon Appétit: Recipes, Cooking, Entertaining, Restaurants | Bon Appétit",https://news.google.com/rss/articles/CBMid0FVX3lxTFBWcVRhT0gxZGctZzA1XzZyRmdEMmVnNWFRcVQ5ZXJLbG1MOG9LLUhyZGd0ZDhGNUJFQU8zaTBZeDJzN0RfRXJzRk85VFc4bjc1RTNFc0tSSEx3QTZBMk9CWmdTWWNIMmVNclpKSjFsTzhJSFV5djdZ?oc=5,"Wed, 11 Mar 2026 07:00:00 GMT",General,5
Graza,News,Google News RSS,'Graza By Another Name' — The Trader Joe's Olive Oil The Internet Is Calling A Dupe - The Takeout,https://news.google.com/rss/articles/CBMikgFBVV95cUxPSXVlZWVVcXJhLWJaeXg0RXItNHE3Y2tQcGpBLWp6MGU0WE5ZQ0p5U1hOczkySVRJMXZtaE1GRWtXakpkbGNIY0V5aUJKN3VQdFNTSjVOclVGRG1RRkszNUY2dm9ZQ2ZlaXVCY2lobHNoakNRb2d4MkE0VGZHbENDbW15c1JJUW1oWEdQNWszUWl1dw?oc=5,"Fri, 15 May 2026 07:00:00 GMT",General,5
Graza,News,Google News RSS,The Social Media Metric Brands Love Most Is Quickly Becoming Meaningless - inc.com,https://news.google.com/rss/articles/CBMitwFBVV95cUxPMWFQVW5YQU5kM0ZvcTRvOUgyWnRuT2o4Y2kzMkt2ZWdOZGZEeHRDRTBnRl9xaDFUYkVGZE1mMWxVOFByZU9CNXppUWQ0UlozcnVBOFFsNVJ0N3BtM1NzWi1BZjU4djJXa0g2eFJmaHgtdy01WGN2UmtHZ2xlSXd3Y0xVckF3YlJqVzdwTHBqN2pLODhkbUVqZnRVWkxKOGk1Q29neXpDY0dWRk1Yc0R3aC15MWd0RFU?oc=5,"Sun, 19 Jul 2026 07:00:00 GMT",General,5
Graza,Hiring,Demo,No hiring signal,,,General,0
Graza,Reddit,Demo,No Reddit discussion found for Graza,,,General,0
Ridge Wallet,News,Google News RSS,Ridge Wallet Review: A Beacon for the Overencumbered - WIRED,https://news.google.com/rss/articles/CBMiVEFVX3lxTFBGTXZnN0w2RE1vT0tjd2lYQ1VIODRUazRyeEpCcTZ2MHZsLUN6S3hxTGh2QXFyejhUb2R2ZFFCTktkQ18xOFh4LW15bXNWR2poS1ZpZg?oc=5,"Thu, 09 Apr 2026 07:00:00 GMT",General,5
Ridge Wallet,News,Google News RSS,Are Ridge Wallets worth the hype? My buying advice after weeks of testing one - ZDNET,https://news.google.com/rss/articles/CBMiakFVX3lxTFBCLWR4Qld5emtLb1lSNmVRcFFOUlEtYXY5bnVfM1RmZk1Ub2ctNEJseW4xXzRjNVdMTWdOQ3ZPaFJxOERVajFxNEZIZm0xamtLbGRRVXg3djJHT0czSWtld0xKbWFTd0F4U1E?oc=5,"Mon, 16 Mar 2026 07:00:00 GMT",General,5
Ridge Wallet,News,Google News RSS,I Tested Tons of Wallets to Find the Best Ridge Wallet Alternatives - Men's Journal,https://news.google.com/rss/articles/CBMicEFVX3lxTE9rNmh0VWVDOXJYendxYzFCeFJRMFFBd3V4bUEtMFFha0t2NUJsR055Um90NlE1MWhoTTl4cVJZVVRfUlE4UkRjc1BWQ2VDckR3TUNrMHE5U0RYZGlXeTRxQ2hVZkhUaHhKTi1ZUktaWFc?oc=5,"Thu, 02 Jul 2026 07:00:00 GMT",General,5
Ridge Wallet,News,Google News RSS,Black Friday Deals on Ridge Wallets - Outdoor Life,https://news.google.com/rss/articles/CBMieEFVX3lxTE53Q3VvRmRVbEJMd0lwZjEtYTRrb1U5b29FQm11bTRlX0VubkJocWtSYVpJd0RkQ3FKbFZjQnRRM2drTEJoQmx0QkhnSkx1aU9OaGpCTUtYTjdKd3k3Vmo1NkE1QUhkcG5yTFVidHRCRUNfNnpnUElPZA?oc=5,"Fri, 28 Nov 2025 08:00:00 GMT",General,5
Ridge Wallet,News,Google News RSS,I’ve Carried at Least 4 Wallets a Day for a Year to Test the Best Minimalist Wallets. These Are My Favorites - CNET,https://news.google.com/rss/articles/CBMiZ0FVX3lxTE1CMWtjMmFVRUltMDhvdkd2djdkV3FkVlphelA1NEFZSXlGOXdTczUtMDlBa3dUSzg2bjJrVjZUckItb0Z4eGxDclhybEtTbjQ5MFpkbEJudjA3ZmpHSXVCalVIN195LVE?oc=5,"Tue, 13 Jan 2026 08:00:00 GMT",General,5
Ridge Wallet,Hiring,Demo,No hiring signal,,,General,0
Ridge Wallet,Reddit,Demo,No Reddit discussion found for Ridge Wallet,,,General,0
Manscaped,News,Google News RSS,Manscaped’s Weed Whacker 3.0 Pro is a £45 nose hair trimmer that's totally worth it - British GQ,https://news.google.com/rss/articles/CBMifkFVX3lxTFA1bkNkcFlNVTNfcUxUZzhGQUowLUpiSWgtLTJETVRnMXNRVHI1bHNEaEc5SVhuY1NXTTBuMm5lTFcyWjF3UXdBOW4tVlpGeExEMGQ0R3BqMUw3YXhXd2pMWmFJZnR0N1g3TzdCRG02aTNfa0N1X241a2xCUXlndw?oc=5,"Sat, 01 Aug 2026 04:00:00 GMT",General,5
Manscaped,News,Google News RSS,Manscaped launches Lawn Mower Go: Buy for $49.99 - Mashable,https://news.google.com/rss/articles/CBMiZ0FVX3lxTE1vX2Y0TzRwRF9KTlZZdzVmTU5kUkU0WFktVXRsZFd3V25veFQwMkhCU3JFQjJWVmRGSHFZTmNkUnFYcEJ3OFEtMU9kUldXN0wxLUcyOW4tTDlaQnpyY1VGdXRhYzhNNDg?oc=5,"Thu, 30 Jul 2026 15:16:23 GMT",expansion,15
Manscaped,News,Google News RSS,MANSCAPED® Debuts The Lawn Mower® Go Ball and Body Hair Trimmer - businesswire.com,https://news.google.com/rss/articles/CBMiugFBVV95cUxQMXVsYWNSQ0ZRNHE3ZlJaWWJWTVRPNmI4Vi1rUFBYSUV1VDVfdWFkVGRHRUtkaDZuMWdSRTBqU2ZFWHZYNG5kOERrX05CM0ZVTE1EWlFnaGtHMTctckNuVEF5dGptY3RhX243SkRYTGp2NEdJSVpldmJZRXg5aHFJT3hxSnM2ZUdIeGN4X0Z0TVdMaXhsSUR4ZDZpOUc3cG44bFlhOVRwV1VhX3hFUEpkN25mX1B0aG5mSVE?oc=5,"Tue, 28 Jul 2026 13:00:00 GMT",General,5
Manscaped,News,Google News RSS,The Best Body Hair Trimmers That Keep Grooming Smooth And Comfortable - Forbes,https://news.google.com/rss/articles/CBMijgFBVV95cUxQTmNMeGdwLS04czBsRnNHYVRoZDR3aFFqUGpvakR1Z0RwZGJTMzI4aHd0YzNrMWJlNEh6VUcxMmR2al9JV01rNVZXMHBvNUJaYU5PZGp5MFp0S0FJUGd1SDhPM093dU9oUVpORnZNMnhmaEgwSzlWWHpYQkRrVlpBRjBjYkh5ay1SVGhIQTNn?oc=5,"Tue, 21 Jul 2026 07:00:00 GMT",General,5
Manscaped,News,Google News RSS,Behind MANSCAPED's Super Bowl Debut with Singing Hairball Monsters - Little Black Book | LBBOnline,https://news.google.com/rss/articles/CBMickFVX3lxTE5XSEFETzBNZ0NEMUJIejdZRDFzdWlkS3YxbEtKdVVObGxsSEc2bjBCbDZmeVVTUzdTaDNYRkpUSjhDWlFBMk1hZmpTdkdCWDl0VFhyTWNCTkRyQUdURzRTUEY0OTNYdVNmYklTUUcxejJRUQ?oc=5,"Tue, 03 Feb 2026 08:00:00 GMT",General,5
Manscaped,Hiring,Demo,No hiring signal,,,General,0
Manscaped,Reddit,Demo,No Reddit discussion found for Manscaped,,,General,0
Native Deodorant,News,Google News RSS,Over the humidity? This $12 clean deodorant will have you smelling fresh all day - New York Post,https://news.google.com/rss/articles/CBMimgFBVV95cUxQakt0dEZxVHk0M1hmNmc3VXNtai05YWU2a2hTTVJsd2JROXlFZjhnLUxIdktCUlBQeDVUSlJ1SWNXRjEzWTY4eVViTFFNZ0RmaE82eUl4VkFSTW80QVFnRzJTOFdxRVAtZDZtM2JNaXZXNU5HVGhndGJEZWdFbXEzeDBxNmlTaXNGTFd3amhobExycENXLXRvc2J3?oc=5,"Mon, 20 Jul 2026 07:00:00 GMT",General,5
Native Deodorant,News,Google News RSS,"Native vs. Lumē—Which Natural Deodorant Works Best? (I Tested Both on Hot, Sweaty Days to Find Out) - Yahoo",https://news.google.com/rss/articles/CBMipgFBVV95cUxNZmlUUzEySm9UYW52RlZ6SWlEajNYb3lkUlc0Y3RGVi1Yc3dnY1JPSXhxRy1EbUFNR1hKNS00OUl2cnpqTkRuTWRUdUQzbktCYWltSFB5a1dGcUtBa0RUNXQyVmZxU3p0RDdZRE03OV9ucU1kbWhMNnJKR3FsT3lLa183Wk04QVBHM3FpbzktZmE3aEdPdERtZWFWUUFvS2ZmUTlqNXdn?oc=5,"Wed, 29 Apr 2026 07:00:00 GMT",General,5
Native Deodorant,News,Google News RSS,"The 8 Best Natural Deodorants for Men, Tested by Grooming Experts - Men's Health",https://news.google.com/rss/articles/CBMigwFBVV95cUxPUm1qblFZZm5BVDkzM1d5Z1g5T1B6RUZlSlhrMUZVYi1qelh5S1JNZ0twOFlxdkNUcDIxN0lTTl9KQXprS1V4MTl5MThaYlhSVjBscWFPbjN3Zkc2VEtQa25IalJCb1BDX19Zb0NOV2RVOEZFQVkzVGF0ZG90eFRuUnVYdw?oc=5,"Mon, 20 Jul 2026 07:00:00 GMT",General,5
Native Deodorant,News,Google News RSS,"After 10 Years, I Broke Up With Natural Deodorant - Allure",https://news.google.com/rss/articles/CBMidEFVX3lxTFBzcFNfc1dBeFRuaEN3VlQ4emVWbnBFUGNRN1VBSmZkeGhVOUdYZGpJYmhaVUc0Umh5UHltMUszWk1pT3V4U3VraExfUEZDcWhoSkNyNXNOZHRNX2trVW8wWXZCc0dIQTNQMW9ZMlhlVjNqZUtt?oc=5,"Fri, 27 Feb 2026 08:00:00 GMT",General,5
Native Deodorant,News,Google News RSS,This Natural Deodorant Can Stand up to My Perimenopausal Hot Flashes—& Postpartum Moms Love It Too - Parents,https://news.google.com/rss/articles/CBMijAFBVV95cUxPNkZFNjNacmdvM1pkOHRHVXpfWVhtMTQ0TlNzVnZfX2Vnc0d3TlJxdnViX0xGY1FDUy1kaG5KRFNLWFk3UlliRDVUMmxXYW81SE5MaTRxQnlhbG54ak1YQjZHaDU5Yll5ZjNNdHFHYkZMendlbGpfd0JXckhXeURwd2dfTTRySzFOU1Z5WQ?oc=5,"Wed, 13 May 2026 07:00:00 GMT",General,5
Native Deodorant,Hiring,Demo,No hiring signal,,,General,0
Native Deodorant,Reddit,Demo,No Reddit discussion found for Native Deodorant,,,General,0
Beardbrand,News,Google News RSS,Inside Beardbrand’s Expansion Plan - Practical Ecommerce,https://news.google.com/rss/articles/CBMid0FVX3lxTE9JUjBBakF5MkJXa1ZCWkpHT0ZWSEJFSGFQWHFWRllKSmlqMWxDY1dadmE3SmE5SHBPQ0NIRmUtTXVWS3JRWlQzeW5vUlJ2YkU3M1VyMERsa1BMX2xlNlctNWdxSm16enJaVWJ2c2dEbmtCX3BVT1hF?oc=5,"Fri, 08 May 2026 07:00:00 GMT",expansion,15
Beardbrand,News,Google News RSS,I Reviewed and Rated the Best Beard Oils of 2026 to Refine Your Facial Hair - Men's Journal,https://news.google.com/rss/articles/CBMiXkFVX3lxTE5LYm94YWljQm0tS1JROWI3cGZHc2pWeWNRN1VrZjM1MlRCVDJMdlJBM29wWmlpNGZDOXVNMEFNU3BnNG1jVUhneTcwdmpGMW43UVU1c0FIU2ZnTkZDaHc?oc=5,"Tue, 19 May 2026 07:00:00 GMT",General,5
Beardbrand,News,Google News RSS,I'm a Full-Time Grooming Writer. These Are the Best Beard Brushes for a Well-Groomed Beard - Men's Journal,https://news.google.com/rss/articles/CBMiYkFVX3lxTE40Ylk5RUhDQUlzUF9WVzFWRURzc2FsVHpfeFBRRUd0UXk4WEFSWjk2MG0tR3hUYlBQQi1EcTZaTE83cUJJRFZ3aXlrWmNJQU9ObHlPNE8xWVRzN1NlRXdObG9B?oc=5,"Tue, 19 May 2026 07:00:00 GMT",General,5
Beardbrand,News,Google News RSS,Urban Beardsman – Beardbrand - sharktankblog.com,https://news.google.com/rss/articles/CBMiaEFVX3lxTE9RVzMzaUZSQzItOUJjcC03cms3d0JpcW5za2t6WDBQeVB5a3pSdVBHc2VGaFk0QmwybjJnUDBhdUdWbjlEV3M1d0hvRm9Va3JtU1Jrc1ZPRV9CN0daaGRzVUpSWEhCb3NR?oc=5,"Wed, 22 Oct 2014 07:00:00 GMT",General,5
Beardbrand,News,Google News RSS,Spokane’s Beardbrand dropped into the Shark Tank - KXLY.com,https://news.google.com/rss/articles/CBMi2wFBVV95cUxOSG5BcW51SzlCbWRidTdHd2hlZTB3NXpNMDJQWlE4dVNpYjllN0NUQjd2Y241ek9IRU1RQklrMDR6alNDZ3pGNGx6ZERsMkFaM3U1dnF1eUV6dlNoS0YwZ1o1aG54TTNVakgzLVZpRElrZlBtcFdGbGNseUlwbk9JTFBnOEthbF9zWlNwYl9pdTVvZV83N0otOTlRSFpLUTZwNVFHNHh2djAwV2c1Wk1NaVczS2ZOYnozY1ZzMXF4ZmJSbnZOaEZlWGx5Y0p1WHlwSUdCcS0yT3h1bFk?oc=5,"Fri, 13 Jan 2023 08:00:00 GMT",General,5
Beardbrand,Hiring,Demo,No hiring signal,,,General,0
Beardbrand,Reddit,Demo,No Reddit discussion found for Beardbrand,,,General,0
Caraway,News,Google News RSS,‘Love Island USA’ Couple Clarke Caraway & Taylor Williams Split (Report) - extratv.com,https://news.google.com/rss/articles/CBMinwFBVV95cUxQUTQzODg0RVJ2bnJwakFrYjd1VlRIWjk1YlNncDRteUR5UzZfcGpvMDZMbVZ5UXhRX05JUXBPbVJCVGdaZWlQMmRBNUdSQjdobFozdm9Ub0F4MkIzQ0JuX3RyT1pweUVGNVhRVWFnbkg4bW5lc1hqNVFZQUJPSXl5VjY3LXJkNjZnTHFsT0VGOHRNeVdsLUdyQk4tWVdUaGs?oc=5,"Fri, 31 Jul 2026 18:07:49 GMT",General,5
Caraway,News,Google News RSS,"Caraway Home’s 3PL collaboration drives parcel savings, returns benefits - Supply Chain Dive",https://news.google.com/rss/articles/CBMitgFBVV95cUxPaTh0d253LTJqeFpNYU1LQUdoNmhCZWVBMjVSSFhPV0FLZTZMdGpWaEdkckgtRGFiN3dqOVNhS1VxNTQ5elJNZUJncU5HXzlVM2RyMnctQXU3Z1Z2bXpqd2JUbWxwRnFTWG9iTVl3cElXYWFHcjZBNERaQmJrSzdVUEVrOVd5ZXY4dUFCWEpjWDZySWRqTWxjeGZoLV94cm9jWlRpaEV0WjRFR0E4QnRrVEd6QWxKQQ?oc=5,"Wed, 29 Jul 2026 19:38:48 GMT",General,5
Caraway,News,Google News RSS,$5 million Caraway Road project on council agenda - Jonesboro Sun,https://news.google.com/rss/articles/CBMizAFBVV95cUxPeHc4YVllc0otX2FiTWc1eXdaTTA2dTBsNkd6UnNTVncyZ1Q0UmJmV19mYWtnSmtZcGdnN1FrQW55Ui1JaWJqMlRBbFhJdUlKSjB6eHBrejF4VVoySllkSDB0dW1BRlhtakEtTDdjZmhHWldpT2FQTjQxUzlOSVR5TGx0QURCZmxDT2hlR1NIZWlOZnBhay1YVWZmaEFCWm1rSGVWSkk2SmhHX1NUYzB3UnFFZ3A4dzk0S2NwRUx1TlZ2TEhnNVJuTmxia1g?oc=5,"Sat, 01 Aug 2026 06:00:00 GMT",General,5
Caraway,News,Google News RSS,2026 CARS Tour at Caraway Speedway - FloRacing,https://news.google.com/rss/articles/CBMirgFBVV95cUxNNHRSM3lpeU84R0dwQUtPOXh6SEVqOXNKVExLa1c3RS0yVHRzcDZPZ3J5bkVHRmVoeFpxT2xLYkEtbWRWZExvRXNMeU9GQ3kzWWp4TnpRb3lIcm1kZlhqV0VIVEdYdGU1U0tMQ0FZblg1c3VaLTh1VWNLbS02NERNMi1VNlNUTGo5aUp4cVlHWFBOZkFRMnJGYUE0UVJwX1FIS1E4cDZsMUJvT2FTc1E?oc=5,"Wed, 29 Jul 2026 18:41:55 GMT",General,5
Caraway,News,Google News RSS,Caraway City Council approves the use of the ballpark for a newly formed youth team - NEA Town Courier,https://news.google.com/rss/articles/CBMixwFBVV95cUxPYm0yNHpuMElKNWNsb0VrSnBFUFNKX1RYMGpudWhXNnBSdjdzRzEzc3hlM1QxeU5DcDQ4Qmc3U3l1T2J6TXpXaW5rRGh2a1cyUEkxeHFLTEhMX2NCOEV0QXZTbVhubDUyOWZDMlcyd3BxVXpCcTkzTlhwTTA4akpMeHY3X21ySDhTNVVKQlhkOGNQMk9EVE1aaXRFaUJTcVdlamYtOFVYZm9BMDZGcnlhR0NRVzFrdjJxZW9BYUFocUFJMzNvTmJV?oc=5,"Fri, 31 Jul 2026 15:59:21 GMT",General,5
Caraway,Hiring,Demo,Caraway is actively hiring,,,hiring,20
Caraway,Reddit,Demo,No Reddit discussion found for Caraway,,,General,0
Our Place,News,Google News RSS,Zionsville’s Our Place Coffee shop to close Aug. 8 - Current Publishing,https://news.google.com/rss/articles/CBMilAFBVV95cUxQY1lYdTdTZ05SRjlNNHlaQzFXMkhkSlpYakFySVdfM25xbThrS0kyRGRqRG84QXVXQ2pLVTd3MzR0cnA3bXJpVndNVFhXQlB4SGwxOXl6UE15S3BrMEtRdlRkZkhURHQwLUZBR3g4TnFBcmV2NzRraWNCeUxtYXZIM21CeVVGSHRsNnhYZEc0V2k3T1ZV?oc=5,"Thu, 30 Jul 2026 21:46:19 GMT",General,5
Our Place,News,Google News RSS,What's easier (and tastier) than Minute Rice? This rice cooker from Our Place - Reviewed,https://news.google.com/rss/articles/CBMieEFVX3lxTE5KUmNiSVRpanlvc2pvN3dBTzZpcy1rOVBrakQ3blkyUjdHdllERHpNMlhETmRVWWtqX1lUNXhhNHVrSTFRbFBwNm5nOUF3cE5MWWRqZEpnYkliR1dxWmJCcDJZbUxBaU43YzdhQlVpU1Ewc1BCcGkwbA?oc=5,"Thu, 30 Jul 2026 21:22:21 GMT",General,5
Our Place,News,Google News RSS,Shiza Shahid on Motherhood and Building Our Place - Motherly,https://news.google.com/rss/articles/CBMimwFBVV95cUxPSmNKZXFPdnlVR0JSalY5dGRjcU9jcFNvZm5aaHpMeUZWblJxNmdQNmxpX19ybVJIbm0tV193MnVaTVFtWXBPM2NIZFVFRjc2RmJZUDZoZVBaTFlmWkwyQi1nYmFpaFJBUHN0dEk3LXNvRUZaRERaSW9CSnVUTEVQWXpyR3VOeGlFeVVfSk83TFlDcG55RWxvTGRLSQ?oc=5,"Thu, 30 Jul 2026 18:16:10 GMT",General,5
Our Place,News,Google News RSS,"Finding my place in medicine: Zachary Coffman, MD, pediatric cardiologist - American Medical Association | AMA",https://news.google.com/rss/articles/CBMiuAFBVV95cUxQRkppbmtfRjZFb2J0X1FueHF5aHUyUmlyOXhDVUowbUpiRkVYRy1mVmRKa3lzaXhaZFFxUjRaMllHeEFTN2E3akF5VjctTGdFTkJRZE9QLXI1V1BrcGxFUzFtdUw2NGx3U3ZGS0hOemNIbzZqcEhJb1NqTVJYM2tqSVZXMTBCWXFaZmNDbHhyNjk5dDVWa2diRldrQkZUenVQNm44b2JlTEF4b2hNOGx3S3p2QUpCUTBu?oc=5,"Thu, 30 Jul 2026 12:06:18 GMT",General,5
Our Place,News,Google News RSS,‘Our livestock depended on us to be there:’ A Warm Springs rancher tries to keep wild horses safe from fire - Oregon Public Broadcasting - OPB,https://news.google.com/rss/articles/CBMihgFBVV95cUxNOTBJUTB2dlNZSzRUSWNCS1R5Tm9hS0lDN2xkVUJTOU1DbzRIa242T2pqcXAzb2EwSjZHSFpxLVNOY1VZR2RybFFZU1lQeGNiM1VGNUVpWEt5U05YcWJaLUNSZU52cnQ5LTlIM0hrb21UQ21BMEtVeG9pbldkMFdyN2JzaGExZw?oc=5,"Thu, 30 Jul 2026 16:35:41 GMT",General,5
Our Place,Hiring,Demo,No hiring signal,,,General,0
Our Place,Reddit,Demo,No Reddit discussion found for Our Place,,,General,0
Jones Road Beauty,News,Google News RSS,Bobbi Brown's Jones Road Beauty cosmetics co. targets Rice Village for first Houston store - The Business Journals,https://news.google.com/rss/articles/CBMiqAFBVV95cUxOMzh2Q1AtUGpfMXVQdzJHVDZTalgxblRjVlVCM1h5dWRldVRhd1VvX01YYzRMSENGSTZzaDNvRmxpcjh1dlhBeEpfRzVqTDNZVGVDQTFqYjliZVRFOHBidkNCaFpydzJYay1YeW5MbGVnTVAwMWE4SEt4X2k4cjBBOFI4ZlZQRXJIeHlCTHNoWU9kdzNLTFA0aS1uOGxyU0VOWWh2ejRsX2Y?oc=5,"Fri, 31 Jul 2026 09:00:00 GMT",General,5
Jones Road Beauty,News,Google News RSS,I Tested Five Drugstore Versions of Jones Road Miracle Balm - New York Magazine,https://news.google.com/rss/articles/CBMikwFBVV95cUxQS3RoOXVFRTg5bjNzNENXWndmU3RFeWRzWXF4TVI1WFJLel9lS0JjM1hzbXpkT3pTcERBQlJHdmtsMDdiVmhwR1JvLUMtajFaa0tUVXRrb0xNNEVFRkhnQlk4ZTNoZ0tFank1UTFRWHFXWVhHYlBleXRwUlZvSFJHOXY1TS1GMTZkWWlsemRyNHhDaGs?oc=5,"Fri, 17 Jul 2026 07:00:00 GMT",General,5
Jones Road Beauty,News,Google News RSS,Bobbi Brown’s Essential Makeup Musts for Every Decade - StyleBlueprint,https://news.google.com/rss/articles/CBMie0FVX3lxTE5CcEMtQTVBdzlsZERCcXVHVnVNY0Q1eGl2MUlGOXhHMUxVUVQ2SUVYSklnVDVLMm1XUEZUeDI5eU5QYTFXUjRHal9rQmxKVG53VTFuSUkwN2Z3MF83UFF1NDM2aG40alF3djZUaFc3UVV3UjlKU0RWdGEwaw?oc=5,"Wed, 29 Jul 2026 20:00:00 GMT",General,5
Jones Road Beauty,News,Google News RSS,Jones Road CEO Cody Plofker Steps Down - The Business of Fashion,https://news.google.com/rss/articles/CBMijAFBVV95cUxQUXZFMXREX2FBMWVucTJHb1FtenozbmZ2SERTYVVNd1NnYjZiQ0V0ek9GN25DVFJGM2ZVaTFSTXY2dk5acWNXUS1DUmR1MVp0bEl1M3FLWUtZdHRrWU42bTRrdWxwYWhpbmNfMjdTc2Npd1ozOVllVVRsblNFZmtnX3U2UGlPRTB1YlpOYw?oc=5,"Tue, 07 Jul 2026 07:00:00 GMT",leadership,15
Jones Road Beauty,News,Google News RSS,"My Mom, 61, Sold Me, 26, on This Lightweight Jones Road Skin Tint That “Perfectly Evens Out” a Shopper’s Complexion - instyle.com",https://news.google.com/rss/articles/CBMiiwFBVV95cUxOSExnOHVYYUdscmYtYm9aS2V4UU5zdGNTRGZBQ0NHTHVEN0tWeGI4R1hpODZ0SFVyWGplWTkyaFJjX0Zhek95cUFUN2hSeHdkSlB2YWw2WXhfQ3BrX3ZHQkxIRlZBRENOdlFFcUVjYzhuOEFRSEExWTMzMDRvZDhiZTgtYjlreC1McmRF?oc=5,"Thu, 30 Jul 2026 03:00:00 GMT",General,5
Jones Road Beauty,Hiring,Demo,No hiring signal,,,General,0
Jones Road Beauty,Reddit,Demo,No Reddit discussion found for Jones Road Beauty,,,General,0
Tushy,News,Google News RSS,"I Upgraded My Bathroom with This One Thing, and Now It Feels like a Luxe Experience - Apartment Therapy",https://news.google.com/rss/articles/CBMifkFVX3lxTE5FMlZKemtYdW5UWmFoT3g3c3d1ZklfcVBGT1NuUWREYkI4OGNXS2ZvWVYySXNNUG1GV08zX0t4bkx6S1RRbDU0RF8xTmVlVkJsQUx4Q1JqTTV1Rld3Yy02TFp1TzlVRElFWlZlUGlVU1B3cmFGV1RWdUNwd0FUUQ?oc=5,"Thu, 30 Oct 2025 07:00:00 GMT",General,5
Tushy,News,Google News RSS,"ABC Secret Savings: Wellness - ABC News - Breaking News, Latest News and Videos",https://news.google.com/rss/articles/CBMigAFBVV95cUxPTzhXOGpWZHVNRjhSVmc5OHBIT0dCZ0Q1a20zeEllMm5EWUdMdnl4b1dCTGF4RFJfenRKN3JLRm9IS0RTa0hUaGdEWGpxLTFfNDIyUG1GbUdVV0REb2JraTFya18tUkRXcTRCSy1xeE1uVEtObDFJRERTRDFqdzVGetIBhgFBVV95cUxQaXlkc3NzZmFrUWZFRF9wSHRJRGlMOFlkNDNZRTRKRmh5RHAxYk5yN2tiNDdUZ01mR2ptRmhTbm9OS0p1cnNNS0tyVkJxMEpHcy02OGV1SEV5dEpyeVFNams4ZjJ2MFgwNE1paFBBM1B3blQzeFBzZGVNWm9WSUxEWmNST1BBUQ?oc=5,"Sat, 09 May 2026 07:00:00 GMT",General,5
Tushy,News,Google News RSS,I Got a TUSHY Bidet and Everything Is Different Now - HGTV,https://news.google.com/rss/articles/CBMifEFVX3lxTE44bEFLZXBsUVprT3lvTzZuTi1ZamxpeVpzT0NpZmthU2thM21wX2V3OEEzRGVYVVdjWW5WUU1aZEQwdEV0R1hidW5yWWR2RzF1Z0dCV1pfdFhSd1hMeXk4UGhXOWNFZWMxSk8wcTVQRU5QWGZ3OU1idk1COHI?oc=5,"Fri, 06 Feb 2026 08:00:00 GMT",General,5
Tushy,News,Google News RSS,This Non-Electric Bidet Saved Me From an Unclean Life - WIRED,https://news.google.com/rss/articles/CBMif0FVX3lxTFBBOTF1Q2NXUlpkRWNUODJrNkRuVHJUUGRBS1lmSjFBSkdHODBEOV90ME1WNjFtR3lkNWR5c0xQWjI0UTgyUmhSdkVNSE1fZ0hpN3lBeE1TbVRUb0pMSXA2S2FZNmRxS295LXBDekFqeUJlRExNYThYdWZyMWoybkk?oc=5,"Tue, 23 Jun 2026 07:00:00 GMT",General,5
Tushy,News,Google News RSS,"Tushy Review: the Brand's Top Bidets, Compared - Business Insider",https://news.google.com/rss/articles/CBMib0FVX3lxTE84MURGZ1lVY3ZyREppdG1tZEdweDJ6bC1pMTRaWUo2Y21HOW5pbUY5aWRYTnJvYnpmUVlIdDdSM2F5cTN5dURLTWlDZGFjRHVTVklwd21rR3hlUTcwMGpJMmVsU3ZBUXMyS3J5WGxfYw?oc=5,"Thu, 30 Oct 2025 07:00:00 GMT",General,5
Tushy,Hiring,Demo,No hiring signal,,,General,0
Tushy,Reddit,Demo,No Reddit discussion found for Tushy,,,General,0
Momofuku Goods,News,Google News RSS,"We Tried Every Flavor of Momofuku Instant Noodles, and the Delicious Winner Is Totally Worth the Hype - The Kitchn",https://news.google.com/rss/articles/CBMickFVX3lxTE0yeXJuRUQ3Vk9rSHU1VFYtczNkbUdEQlFFMzBxYkRVczZYNS1PbE91RVoxQ0xCV3p3bW40NHFRcEF0SVpFd0FiWXlVaDdMdVFaLXdNZnRDODVQNVhENm05eERVRERiR3lYcTI1WmVpRVVMUQ?oc=5,"Fri, 12 Jun 2026 07:00:00 GMT",General,5
Momofuku Goods,News,Google News RSS,Things To Do This Week in Los Angeles [7-13-2026 to 7-17-2026] - WE LIKE L.A.,https://news.google.com/rss/articles/CBMijwFBVV95cUxNN0RSXzBIWE1RbFkzX2ZPZFo2VWtWTFZxUlBNdE44VEs0cmF2Z21yeS1FRlcyVEJuT1dBb3N0VGFiZ0pTeUxRSFdRMVFIU0lOcGxTdnd6N1E1NUZGb01waGtKVUVLNDZfM0M2cUtES19tMTNMS0NJUmxodDBHMFEwdnExSDRJSEtzdmhBekx4Yw?oc=5,"Mon, 13 Jul 2026 07:00:00 GMT",General,5
Momofuku Goods,News,Google News RSS,23 Essential David Chang Recipes to Try at Home - Food & Wine,https://news.google.com/rss/articles/CBMiZ0FVX3lxTE02OEVTQnV0U01rVXluMFBCUHBGRlBzZEZNT1N2V3RfZm5OZlFXSXNhVVdDMFZmbGxvdk1aTzNkNl9SRi0tX0lVYXhsRXVqMGNQaE1yUnBEMnVrbzduQ0RldUIxT19QNVE?oc=5,"Tue, 16 Dec 2025 08:00:00 GMT",General,5
Momofuku Goods,News,Google News RSS,"Momofuku Scales Engagement, Consumer Data Collection Via QR Codes - Consumer Goods Technology",https://news.google.com/rss/articles/CBMijwFBVV95cUxPbWNRbHpjOHQtMkhZOHk3OUZNeHFYYmUzMWRkRTI2NmlDcTJaWDBxVlk2WFllUzduSDc0Rnp5US1hTnd3b2ExcTRyd2R2VGh3clFPWHhOdzVoUS1sdzV5TWVEdFEzdXB6Sm1fUmh0Z2l3X3JqdHZzb0o4cFFvalIzYlN2Q3ZoZ3ZGV25zZ1dERQ?oc=5,"Mon, 20 Oct 2025 07:00:00 GMT",General,5
Momofuku Goods,News,Google News RSS,How Momofuku Goods Became a $67 Million Powerhouse and Defied Its Doubters - inc.com,https://news.google.com/rss/articles/CBMitAFBVV95cUxPTlBacGFGRDlDcEV4N0VHMElPeWZKNU1NWDF0NXkzWFJ6bEo2SEFkTWo5OHZ2Nk1UWVFOTURYZW9ZZ2Zkakx0Qmp5eDl0WjRzRG5yVjRQX21nVFd5Mzl5cHZTMzlqdGRSV2dKS2wxQk1mYk9UczAxcU85bVBxbkdiT1VLN3N5VFRVV05XNHBOeVBhS0t0V3NQZEpJVzYxWHBncW0yODI3aUpuTUItNDE5Q3d3dEQ?oc=5,"Tue, 12 Aug 2025 07:00:00 GMT",General,5
Momofuku Goods,Hiring,Demo,No hiring signal,,,General,0
Momofuku Goods,Reddit,Demo,No Reddit discussion found for Momofuku Goods,,,General,0
Parade Underwear,News,Google News RSS,Unity Preschool parade raises awareness for National Underwear Day - Evanston RoundTable,https://news.google.com/rss/articles/CBMikgFBVV95cUxOTlAwRzVDMndkbkhqbjc4NFkwdUlTVC1HOG1SSWZKSnNNbmt5SS1USkwyMjBXeFRSNHBERFJIWHFhMVdXQ3Z1YkIwVDNyVy1Ua1AzaXlEaUV6RU1tTXNUaURZVUtvZWpNc3BCbmx0SG13OEtRN1ROam1FdkZhMjltTW5RRUhMLU9MZVdDTFZ2M21vZw?oc=5,"Tue, 21 Jul 2026 07:00:00 GMT",General,5
Parade Underwear,News,Google News RSS,"Parade Underwear Was a Viral Gen Z Phenomenon. Now, It's Closing - Marie Claire",https://news.google.com/rss/articles/CBMie0FVX3lxTE1TSEhNUTJxaDRmdm5YQl9tMnRoODRoSzd5WDkwMVJlUENEMkEzZnVDNVdXNGhKb2ZYVTNickRqZDY4UTI5ZnhveFp5SV9zdzVPSS1vY0NvNHFROFJFc0JZdTJ0bWFEUEtKN3k5TXdqOE1WaTFmS29iNWMtZw?oc=5,"Wed, 29 Oct 2025 07:00:00 GMT",General,5
Parade Underwear,News,Google News RSS,The Gen-Z Underwear Brand Parade Is Shutting Down - The Cut,https://news.google.com/rss/articles/CBMicEFVX3lxTE0zNzZZMExOR3QyTVFVRmowWU9FM2ppOTlwMVpUY2J5X2J1QlRRTGlDRXdNZjJxWDZxQnJsUlZnQ25tUkJScXpoWThzSlU1alpXUW54clVxUXRjQl9VVXk2Q1dTOThlTDdCdi1YTThyTks?oc=5,"Tue, 28 Oct 2025 07:00:00 GMT",General,5
Parade Underwear,News,Google News RSS,Intimates Brand Parade to Shutter After 6 Years - The Business of Fashion,https://news.google.com/rss/articles/CBMiqgFBVV95cUxNYy1GcGd0NWpNdF9uVkdmX24xSDd2ekpCenhmMHcwME5OcW1vV1BXM1YtQ1R5c0lCYTl2aWU4Vm9JQmJBSlpXU1pSY2VsRlZtT2NuZ2x5VlVqLXMxbGFSd1c0MDhobU1EN2xpOFFFVVhlemJRTUxhTE4zZWl4QVFFQjR6Qlo1Xzhvem9tdjd4a3B5S0JxalNVSXpfaUNnOFBFQmdNYngzLW54dw?oc=5,"Mon, 27 Oct 2025 07:00:00 GMT",General,5
Parade Underwear,News,Google News RSS,It’s the End of Parade (and Everything Is Half Off) - New York Magazine,https://news.google.com/rss/articles/CBMikgFBVV95cUxQTXR2QldIVGpWbE8zVHNud0pMYzBQMjdHNTRtMGhqWkZlWVozcUd2WTNJN1JTY2cwcnR0MnBNTWktR2h2YWstM0Y0QktYTFFhc3NrSzFZLU44RVRUQWFTZC10S28takR6V21MeEVuS2Q1bHllOW9VWl9zRmIwRkpXbk9hSGZBUjZnYjN6TUU4b1Fndw?oc=5,"Tue, 28 Oct 2025 07:00:00 GMT",General,5
Parade Underwear,Hiring,Demo,No hiring signal,,,General,0
Parade Underwear,Reddit,Demo,No Reddit discussion found for Parade Underwear,,,General,0
