company,reasons,email,linkedin
Chubbies,hiring,"Subject: Elevate Your Logistics Experience with ClickPost

Dear [Hiring Manager's Name],

I came across Chubbies' commitment to exceptional customer service and noticed opportunities for improvement in logistics and customer experience. As a logistics enthusiast, I'd like to introduce ClickPost, a powerful platform designed to optimize supply chain operations.

Our platform can help Chubbies:

1. **Streamline logistics**: Automate and centralize your shipping operations to reduce errors and improve overall efficiency.
2. **Enhance shipment tracking**: Provide real-time updates to your customers, ensuring transparency and reducing queries.
3. **Manage returns efficiently**: Automate return processing and refunds, improving customer satisfaction and minimizing losses.
4. **Maximize delivery notifications**: Send timely notifications to customers about package arrival, improving their experience.
5. **Boost customer satisfaction**: Analyze data to identify areas for improvement, enabling you to make informed decisions.

I'd be happy to schedule a call to discuss how ClickPost can help Chubbies achieve its goals. Please let me know if you're interested.

Best regards,
[Your Name]

[Your Title]
ClickPost","Hi Chubbies Team! I noticed that your company is actively hiring and expanding operations. ClickPost helps fast-growing eCommerce brands improve delivery tracking, returns, and customer communication. I'd love to connect and exchange ideas!"
Caraway,hiring,"Subject: Boost Your Logistics Efficiency with ClickPost

Dear [Hiring Manager's Name],

I came across Caraway and was impressed by your company's commitment to delivering high-quality cookware. As your business grows, it's essential to optimize your logistics processes to ensure seamless operations.

At ClickPost, we specialize in streamlining logistics, shipment tracking, returns, and delivery notifications to enhance customer experience. Our platform provides:

- Real-time shipment tracking and updates
- Automated returns and refunds
- Intelligent delivery notifications to keep customers informed
- Enhanced visibility into your supply chain

By integrating ClickPost into your operations, you can:

- Reduce logistical errors and delays
- Save time and resources
- Improve customer satisfaction through transparent updates
- Gain valuable insights to optimize future logistics decisions

I'd love to schedule a call to discuss how ClickPost can cater to your specific needs and help Caraway achieve its business goals. Please let me know if you're available to chat.

Best regards,
[Your Name]","Hi Caraway Team! I noticed that your company is actively hiring and expanding operations. ClickPost helps fast-growing eCommerce brands improve delivery tracking, returns, and customer communication. I'd love to connect and exchange ideas!"
True Classic,hiring,"Subject: Boost Efficiency and Enhance Customer Experience with ClickPost

Dear [Recipient's Name],

I'm [Your Name] from True Classic. I'm reaching out because our team has been impressed by your company's success, and we believe our logistics and shipping solution, ClickPost, could be a valuable asset to drive further growth.

Are you looking for ways to refine your logistics operations, streamline shipment tracking, reduce return rates, or enhance customer engagement through precise delivery notifications? ClickPost is here to support you. Our AI-powered platform integrates with various e-commerce platforms, carriers, and marketplaces to provide real-time visibility and control over shipping operations.

With ClickPost, you can:

1. Automate logistics workflows and track shipments in one place.
2. Optimize delivery routes and reduce carbon footprint.
3. Improve return rates by providing easy return and exchange experiences.
4. Send tailored delivery notifications to enhance customer satisfaction.

I'd be happy to discuss how ClickPost can address your logistics and shipping challenges. Would you be open to a brief conversation to explore potential opportunities together?

Looking forward to hearing back from you.

Best regards,

[Your Name]
True Classic
[Your Contact Information]","Hi True Classic Team! I noticed that your company is actively hiring and expanding operations. ClickPost helps fast-growing eCommerce brands improve delivery tracking, returns, and customer communication. I'd love to connect and exchange ideas!"
Vuori,hiring,"Subject: Elevate Customer Experience with ClickPost

Dear Vuori Team,

I came across Vuori's exceptional activewear and was impressed by the brand's commitment to quality and customer satisfaction. As I researched the company's logistics processes, I realized there may be opportunities for improvement.

At ClickPost, we specialize in optimizing logistics solutions for e-commerce businesses like Vuori. Our platform enables seamless shipment tracking, automated returns management, and customizable delivery notifications. These tools not only enhance the customer experience but also provide valuable insights for data-driven decision-making.

By integrating ClickPost, Vuori can:

- Streamline logistics operations for faster order fulfillment
- Reduce returns and shipping costs
- Improve communication with customers
- Enhance brand reputation through timely delivery updates

I'd love to discuss how ClickPost can help Vuori elevate its logistics and improve the overall customer experience. Please let me know if you're interested in scheduling a call to explore this opportunity further.

Best regards,
[Your Name]
[Your Title]
ClickPost","Hi Vuori Team! I noticed that your company is actively hiring and expanding operations. ClickPost helps fast-growing eCommerce brands improve delivery tracking, returns, and customer communication. I'd love to connect and exchange ideas!"
Beardbrand,expansion,"Subject: Enhance Your Logistical Operations with ClickPost

Dear [Recipient's Name],

I came across Beardbrand's innovative products and impressive growth, and I'd like to introduce a solution that can further optimize your logistical capabilities: ClickPost.

ClickPost is an industry-leading logistics platform that integrates various services to simplify and automate your shipping processes. By leveraging our platform, Beardbrand can enhance logistics functionality in the following areas:

- Improved shipment tracking and monitoring
- Seamless returns management
- Customizable delivery notifications for enhanced customer experience
- Integration with multiple carriers for reduced shipping costs
- Data-driven insights for strategic decision-making

By partnering with ClickPost, Beardbrand can improve operational efficiency, ensure timely order fulfillment, and deliver exceptional customer experiences. I believe our solution aligns with your company's goals for expansion. I would be more than happy to schedule a call to discuss how ClickPost can support Beardbrand's growth.

Best regards,
[Your Name]","Hi Beardbrand Team! I noticed that your recent expansion initiatives indicate increasing customer demand. ClickPost helps fast-growing eCommerce brands improve delivery tracking, returns, and customer communication. I'd love to connect and exchange ideas!"
